{"stats":{"minecraft:picked_up":{"minecraft:prismarine_crystals":339,"minecraft:cobblestone":2},"minecraft:custom":{"minecraft:jump":38,"minecraft:time_since_rest":7509,"minecraft:crouch_one_cm":100,"minecraft:leave_game":3,"minecraft:play_time":7509,"minecraft:sprint_one_cm":24068,"minecraft:damage_absorbed":80,"minecraft:time_since_death":7509,"minecraft:walk_one_cm":18348,"minecraft:sneak_time":73,"minecraft:total_world_time":7509,"minecraft:talked_to_villager":1,"minecraft:fly_one_cm":68110}},"DataVersion":2730}