{"stats":{"minecraft:custom":{"minecraft:time_since_rest":13888,"minecraft:crouch_one_cm":766,"minecraft:damage_absorbed":60,"minecraft:sprint_one_cm":20828,"minecraft:play_time":13888,"minecraft:damage_taken":0,"minecraft:walk_one_cm":63722,"minecraft:sneak_time":245,"minecraft:mob_kills":31,"minecraft:drop":45,"minecraft:jump":125,"minecraft:leave_game":2,"minecraft:time_since_death":13888,"minecraft:total_world_time":13888,"minecraft:talked_to_villager":6,"minecraft:fall_one_cm":26033,"minecraft:fly_one_cm":45275},"minecraft:picked_up":{"minecraft:rotten_flesh":5,"minecraft:player_head":227,"minecraft:cobblestone":59},"minecraft:killed":{"minecraft:iron_golem":2,"minecraft:zombie":7,"minecraft:giant":6,"minecraft:elder_guardian":1,"minecraft:wither":13},"minecraft:dropped":{"minecraft:cookie":1,"minecraft:cobblestone":34,"minecraft:prismarine_crystals":64,"minecraft:golden_hoe":1,"minecraft:compass":2,"minecraft:stone_pickaxe":1,"minecraft:clock":1,"minecraft:player_head":1957,"minecraft:stone_sword":1,"minecraft:chest":1}},"DataVersion":2730}