{"stats":{"minecraft:custom":{"minecraft:time_since_rest":25648,"minecraft:crouch_one_cm":450,"minecraft:sprint_one_cm":12996,"minecraft:play_time":25648,"minecraft:walk_one_cm":36836,"minecraft:sneak_time":239,"minecraft:drop":8,"minecraft:jump":73,"minecraft:damage_dealt":0,"minecraft:leave_game":2,"minecraft:time_since_death":25648,"minecraft:walk_on_water_one_cm":311,"minecraft:total_world_time":25648,"minecraft:fall_one_cm":838,"minecraft:fly_one_cm":213112},"minecraft:picked_up":{"minecraft:rotten_flesh":12,"minecraft:player_head":2,"minecraft:cobblestone":44},"minecraft:dropped":{"minecraft:golden_boots":1,"minecraft:player_head":3,"minecraft:golden_chestplate":1,"minecraft:fishing_rod":1,"minecraft:golden_leggings":2},"minecraft:used":{"minecraft:water_bucket":2,"minecraft:golden_sword":4,"minecraft:fishing_rod":38,"minecraft:bow":3,"minecraft:bucket":2}},"DataVersion":2730}