{"stats":{"minecraft:dropped":{"minecraft:prismarine_crystals":1345,"minecraft:iron_sword":1},"minecraft:killed":{"minecraft:zombie":2,"minecraft:giant":13,"minecraft:elder_guardian":1},"minecraft:picked_up":{"minecraft:filled_map":1,"minecraft:prismarine_crystals":768,"minecraft:nether_star":2,"minecraft:cobblestone":6},"minecraft:custom":{"minecraft:time_since_rest":13589,"minecraft:damage_absorbed":50,"minecraft:crouch_one_cm":674,"minecraft:deaths":4,"minecraft:sprint_one_cm":90599,"minecraft:play_time":24874,"minecraft:damage_taken":80,"minecraft:walk_one_cm":122292,"minecraft:sneak_time":316,"minecraft:mob_kills":16,"minecraft:drop":23,"minecraft:jump":183,"minecraft:damage_dealt":4640,"minecraft:leave_game":3,"minecraft:time_since_death":13540,"minecraft:total_world_time":24874,"minecraft:fall_one_cm":3348,"minecraft:fly_one_cm":139181},"minecraft:used":{"minecraft:leather_leggings":2,"minecraft:leather_chestplate":2,"minecraft:iron_sword":20,"minecraft:leather_boots":2}},"DataVersion":2730}