{"stats":{"minecraft:custom":{"minecraft:mob_kills":1497,"minecraft:inspect_hopper":4,"minecraft:interact_with_crafting_table":8,"minecraft:leave_game":279,"minecraft:time_since_death":576670,"minecraft:climb_one_cm":2562,"minecraft:sprint_one_cm":14817804,"minecraft:walk_one_cm":11690934,"minecraft:drop":1085,"minecraft:damage_dealt_absorbed":0,"minecraft:talked_to_villager":9,"minecraft:play_time":9996185,"minecraft:deaths":106,"minecraft:sneak_time":126554,"minecraft:walk_under_water_one_cm":5048,"minecraft:jump":6244,"minecraft:walk_on_water_one_cm":2637,"minecraft:total_world_time":9987813,"minecraft:time_since_rest":576715,"minecraft:damage_taken":7595,"minecraft:damage_absorbed":4601,"minecraft:damage_dealt":275547,"minecraft:swim_one_cm":3956,"minecraft:fly_one_cm":9071227,"minecraft:crouch_one_cm":988469,"minecraft:fish_caught":66,"minecraft:fall_one_cm":1926175},"minecraft:dropped":{"minecraft:enchanted_book":2,"minecraft:golden_boots":5,"minecraft:iron_sword":13,"minecraft:lapis_lazuli":10,"minecraft:diamond_axe":1,"minecraft:diamond":57,"minecraft:nether_star":12,"minecraft:golden_horse_armor":1,"minecraft:crafting_table":38,"minecraft:prismarine_shard":27,"minecraft:feather":4,"minecraft:barrier":5,"minecraft:cobblestone":1297,"minecraft:prismarine_crystals":11349,"minecraft:book":26,"minecraft:leather":2,"minecraft:red_stained_glass":131,"minecraft:bedrock":1,"minecraft:tropical_fish":1,"minecraft:chainmail_helmet":5,"minecraft:enderman_spawn_egg":4,"minecraft:coal":5,"minecraft:leather_helmet":2,"minecraft:cod":70,"minecraft:stick":12,"minecraft:polished_andesite":1,"minecraft:pufferfish":4,"minecraft:cyan_terracotta":2,"minecraft:diamond_horse_armor":3,"minecraft:gray_wool":7,"minecraft:packed_ice":1,"minecraft:diorite":1,"minecraft:ink_sac":2,"minecraft:wooden_hoe":1,"minecraft:black_stained_glass_pane":56,"minecraft:gold_nugget":8,"minecraft:chainmail_leggings":5,"minecraft:fishing_rod":1,"minecraft:bucket":1,"minecraft:armor_stand":1,"minecraft:bone":14,"minecraft:snow_block":1,"minecraft:zombie_spawn_egg":395,"minecraft:player_head":5743,"minecraft:golden_chestplate":6,"minecraft:blaze_rod":14,"minecraft:stone_sword":1,"minecraft:chicken":1,"minecraft:rotten_flesh":1485,"minecraft:oak_planks":2,"minecraft:glowstone_dust":5,"minecraft:prismarine":2,"minecraft:ender_eye":2,"minecraft:salmon":1,"minecraft:carrot":2,"minecraft:red_stained_glass_pane":128,"minecraft:flint_and_steel":1,"minecraft:chainmail_chestplate":5,"minecraft:filled_map":121,"minecraft:firework_star":54,"minecraft:diamond_sword":1,"minecraft:leather_chestplate":24,"minecraft:potato":1,"minecraft:stone":3,"minecraft:trident":1,"minecraft:diamond_chestplate":2,"minecraft:dropper":2,"minecraft:diamond_pickaxe":2,"minecraft:charcoal":6,"minecraft:leather_boots":21,"minecraft:golden_leggings":6,"minecraft:oak_boat":2,"minecraft:chainmail_boots":6,"minecraft:golden_sword":18,"minecraft:leather_leggings":18,"minecraft:stone_bricks":3,"minecraft:iron_ore":2,"minecraft:arrow":170,"minecraft:bow":2,"minecraft:wooden_pickaxe":2,"minecraft:prismarine_bricks":1,"minecraft:green_concrete_powder":1,"minecraft:stone_brick_stairs":1,"minecraft:dark_prismarine":3,"minecraft:firework_rocket":9},"minecraft:killed":{"minecraft:zombified_piglin":80,"minecraft:witch":1,"minecraft:giant":5,"minecraft:endermite":1,"minecraft:wither":14,"minecraft:skeleton":2,"minecraft:guardian":3,"minecraft:chicken":2,"minecraft:ocelot":1,"minecraft:magma_cube":4,"minecraft:iron_golem":2,"minecraft:squid":1,"minecraft:zombie":947,"minecraft:wither_skeleton":83,"minecraft:cow":4,"minecraft:enderman":13,"minecraft:blaze":92},"minecraft:picked_up":{"minecraft:charcoal":2,"minecraft:crafting_table":1,"minecraft:firework_star":133,"minecraft:chainmail_boots":5,"minecraft:chicken":2,"minecraft:prismarine_shard":18,"minecraft:leather_leggings":2,"minecraft:packed_ice":1,"minecraft:diamond_sword":1,"minecraft:wooden_pickaxe":1,"minecraft:enchanted_book":2,"minecraft:golden_sword":6,"minecraft:pufferfish":4,"minecraft:gold_nugget":8,"minecraft:oak_boat":1,"minecraft:player_head":2845,"minecraft:stick":5,"minecraft:carrot":2,"minecraft:prismarine_crystals":12711,"minecraft:golden_chestplate":5,"minecraft:zombie_spawn_egg":258,"minecraft:arrow":54,"minecraft:rotten_flesh":911,"minecraft:cyan_terracotta":1,"minecraft:gold_ingot":1,"minecraft:blaze_rod":14,"minecraft:cod":9,"minecraft:cobblestone":1450,"minecraft:leather_chestplate":6,"minecraft:feather":4,"minecraft:salmon":1,"minecraft:leather":2,"minecraft:golden_leggings":6,"minecraft:potato":2,"minecraft:filled_map":10,"minecraft:chainmail_chestplate":3,"minecraft:golden_boots":4,"minecraft:wither_skeleton_skull":2,"minecraft:lapis_lazuli":10,"minecraft:dirt":1,"minecraft:leather_boots":4,"minecraft:bone":18,"minecraft:bow":1,"minecraft:iron_ore":2,"minecraft:glowstone_dust":5,"minecraft:iron_sword":9,"minecraft:oak_planks":1,"minecraft:book":5,"minecraft:dropper":1,"minecraft:black_stained_glass_pane":3,"minecraft:ink_sac":2,"minecraft:red_stained_glass":1,"minecraft:diamond":7,"minecraft:chainmail_leggings":3,"minecraft:chainmail_helmet":3,"minecraft:emerald":8,"minecraft:coal":6,"minecraft:nether_star":7,"minecraft:diamond_pickaxe":1},"minecraft:used":{"minecraft:trident":5,"minecraft:flint_and_steel":21,"minecraft:tropical_fish":4,"minecraft:armor_stand":8,"minecraft:stone":14,"minecraft:iron_sword":2622,"minecraft:zombie_spawn_egg":1447,"minecraft:dirt":1,"minecraft:prismarine_bricks":42,"minecraft:golden_chestplate":1,"minecraft:polished_diorite":1,"minecraft:cyan_terracotta":37,"minecraft:chicken_spawn_egg":7,"minecraft:stone_brick_stairs":23,"minecraft:bedrock":1,"minecraft:golden_sword":130,"minecraft:bow":300,"minecraft:guardian_spawn_egg":2,"minecraft:egg":5,"minecraft:golden_boots":1,"minecraft:cow_spawn_egg":71,"minecraft:prismarine":37,"minecraft:wooden_pickaxe":3,"minecraft:leather_chestplate":1,"minecraft:diamond_axe":28,"minecraft:glow_item_frame":1,"minecraft:light_blue_wool":13,"minecraft:infested_stone_bricks":6,"minecraft:dark_prismarine":11,"minecraft:diamond_pickaxe":6,"minecraft:firework_rocket":24,"minecraft:map":1,"minecraft:leather_helmet":1,"minecraft:fishing_rod":266,"minecraft:cobblestone":1,"minecraft:gray_wool":42},"minecraft:killed_by":{"minecraft:zombie":36,"minecraft:wither":2},"minecraft:mined":{"minecraft:dirt":1}},"DataVersion":3839}