{"stats":{"minecraft:custom":{"minecraft:jump":37,"minecraft:time_since_rest":19257,"minecraft:leave_game":5,"minecraft:sprint_one_cm":20845,"minecraft:play_time":19257,"minecraft:time_since_death":19257,"minecraft:walk_on_water_one_cm":67,"minecraft:walk_one_cm":12631,"minecraft:sneak_time":864,"minecraft:total_world_time":22272,"minecraft:walk_under_water_one_cm":391,"minecraft:fly_one_cm":1191890},"minecraft:used":{"minecraft:stone_bricks":1,"minecraft:netherrack":2,"minecraft:diorite":2}},"DataVersion":3955}