{"stats":{"minecraft:used":{"minecraft:wheat_seeds":254,"minecraft:bone_meal":594},"minecraft:custom":{"minecraft:jump":11,"minecraft:time_since_rest":11631,"minecraft:leave_game":1,"minecraft:walk_on_water_one_cm":308,"minecraft:sprint_one_cm":359,"minecraft:play_time":11631,"minecraft:damage_taken":30,"minecraft:time_since_death":11631,"minecraft:walk_one_cm":366,"minecraft:sneak_time":288,"minecraft:total_world_time":12750,"minecraft:fall_one_cm":1045,"minecraft:fly_one_cm":189684}},"DataVersion":3955}