Name, ID, Game Mode, Latency, Scoreboard Team, Model Type, Session ID, Public Key
!A-s, aceba7e3-c706-2c8a-8daa-cabc5d65a5f7, CREATIVE, 1, null, slim
Aeroson69, 7bd78204-8bd0-458c-8809-936ba98ce860, CREATIVE, 1, a82820262, default
Bocabolabola, 23ff453e-d617-4b43-862e-2556bb78989f, CREATIVE, 1, a90820333, default
!C-a, 4cffce48-30a9-295a-9397-e19ee4df2c99, CREATIVE, 1, null, slim
!C-h, 24e8b915-14a1-204e-a3ba-1546b6a28e43, CREATIVE, 1, null, slim
!B-a, c5de6363-fcac-293e-96ba-68372c249196, CREATIVE, 1, null, slim
!D-d, c9da4613-cf51-2950-8308-9de66e56c260, CREATIVE, 1, null, slim
!B-s, b34a9b12-43c6-25a2-b14d-dd1b0cdb06a2, CREATIVE, 1, null, default
!B-m, 3d252985-74e2-2b1d-8b14-5c1965d9cc9f, CREATIVE, 1, null, default
Lohnversicherung, 5e45cff1-d202-424f-a483-56145c27c35f, CREATIVE, 1, a60920277, slim
!B-q, 16f9f964-d20d-20af-885e-14e56e65b3f7, CREATIVE, 1, null, default
!A-j, c05e04d9-4d8c-280d-9b77-1f3e05426115, CREATIVE, 1, null, slim
!B-r, 695496cc-54a0-2f6d-9a5e-28b69c6c4fcd, CREATIVE, 1, null, slim
!A-e, 912393e0-e942-25e7-a388-202012963e47, CREATIVE, 1, null, slim
!B-j, 4cec675a-a920-2836-99cb-b5968e9f8d7d, CREATIVE, 1, null, slim
!C-s, 3d937fa3-ade4-2e4d-b65c-6c0b60c4b42f, CREATIVE, 1, null, slim
!A-r, 63c51370-a22f-2e77-9ce2-38544fd6e9ab, CREATIVE, 1, null, default
!C-f, 0c09a222-d481-2aec-9cc7-fef09edf2d86, CREATIVE, 1, null, slim
!A-h, 8732242d-b79d-297b-a06b-874dd6929766, CREATIVE, 1, null, default
!A-i, 6a56799b-9073-21de-8de4-5af055e5c8bf, CREATIVE, 1, null, slim
!C-j, b6d470f4-5425-268d-b68f-cfe121b21661, CREATIVE, 1, null, default
!D-b, 2a156b5a-a3b6-250a-884e-58ca5f22626c, CREATIVE, 1, null, default
!C-l, 255803ea-b329-2f70-b933-9e0f86b9e354, CREATIVE, 1, null, default
!A-m, 91b4fa10-aa80-27ef-80e9-fa4b9b7f0d2b, CREATIVE, 1, null, default
Energetic420, 3f4575fc-6ea7-4473-b5ee-f6b01f3fb632, CREATIVE, 1, a61920279, default
!B-l, 4bf64e30-7b3d-240f-80eb-3afc6d28aa8a, CREATIVE, 1, null, slim
!D-m, a864c43e-2762-2548-a23f-d361b59506fa, CREATIVE, 1, null, default
!D-g, d10eda88-7a6c-2ffa-907e-a5aff05a18dd, CREATIVE, 1, null, default
!A-k, 512d6570-e6e7-2c12-ae94-0b13117a861d, CREATIVE, 1, null, slim
CatGirl_Aurora_, d8c23e53-b785-407b-aa30-cb395028fa02, CREATIVE, 1, a63920273, slim
!B-e, c3c71af7-56e2-2263-99a8-a25ee84f8c45, CREATIVE, 1, null, default
!D-f, 50d18642-dd5c-2324-8c97-fa48fc064c7f, CREATIVE, 1, null, default
!C-c, 94a30cf7-355b-2e3e-a1df-df12935763fb, CREATIVE, 1, null, default
!D-q, 7c895172-5293-2807-8c26-0afcdf087bec, CREATIVE, 1, null, slim
!A-o, bc07af41-31a9-2cfe-af83-1f9fd000cb5e, CREATIVE, 1, null, default
!A-a, 260d3dbe-61cb-22c6-918a-e6f9c32aa2b2, CREATIVE, 1, null, slim
!A-g, 69d72f58-69f9-250f-9a56-dbfc12aa6c2c, CREATIVE, 1, null, default
!D-t, 72e612b3-e248-2fbc-bc43-22274d5758c7, CREATIVE, 1, null, slim
!B-g, 8594b974-f1d0-2b26-a176-d4c65b7c1482, CREATIVE, 1, null, slim
!D-h, 332b284b-21df-2647-a077-7dad182efc54, CREATIVE, 1, null, slim
!B-i, 3551c61b-46fa-2391-837f-60f760ccda3c, CREATIVE, 1, null, default
!D-l, 1765b4eb-5788-2759-9169-47fdac7955eb, CREATIVE, 1, null, slim
!A-t, 032507ea-f1f5-2edd-81ee-6e922b652f9b, CREATIVE, 1, null, slim
!B-p, c72b0376-2c7e-2d23-b633-5fbbc3699187, CREATIVE, 1, null, default
lilylilsbutlily, 9a9a8199-1b4b-4c75-acee-64ca053a934a, CREATIVE, 1, a80820268, slim
!B-c, a7686414-139d-2fa1-bf73-71bc042b35cd, CREATIVE, 1, null, slim
!C-i, 0deb2d88-17d9-2bbc-83ef-e43b4493de2e, CREATIVE, 1, null, slim
FraZy_YTB, 9845867f-a2f7-49cf-9fe6-f61649c29d41, CREATIVE, 1, a62920275, default
!A-d, 7b98d228-ef4a-215b-8a21-6e9c90bdbcd6, CREATIVE, 1, null, default
!A-c, f105e50c-e959-2a4e-ba3c-e394862531ea, CREATIVE, 1, null, slim
!C-n, d03e9fe0-8ccb-2595-8217-91245e81ddb2, CREATIVE, 1, null, slim
!D-n, 34d79981-2055-2768-a2e4-501421de25c4, CREATIVE, 1, null, default
!A-n, 892d51eb-741d-2657-ab2d-cda2017f74ff, CREATIVE, 1, null, default
!D-p, 0d80c02e-b123-2ec2-be21-d072f8646efb, CREATIVE, 1, null, default
Sxnl, 1cbc8c11-23f6-4132-9fd7-ff9fff18dabe, CREATIVE, 1, a82820267, default
!C-q, b4653499-8f7a-295a-b1d7-15dd116d6f31, CREATIVE, 1, null, slim
Hq1f, 858477f6-233b-4851-abfe-b1fc4cb87429, CREATIVE, 1, a61920272, slim
!D-i, cef4b926-5e1d-22f3-ad37-0427a44ecfec, CREATIVE, 1, null, slim
!D-j, ee942a70-e904-26fd-8fcb-b317d88f40c1, CREATIVE, 1, null, default
!A-l, e7da5d47-bf8b-28b3-9532-0011c10da61e, CREATIVE, 1, null, slim
!B-k, 7b51006e-a068-29af-af36-89e3a37d50c5, CREATIVE, 1, null, default
!B-t, 246d379a-f163-2452-8b93-084baf027087, CREATIVE, 1, null, slim
!A-f, 68ce9690-0867-2ec1-a7e9-93e804a2f1fa, CREATIVE, 1, null, slim
!C-d, 0c9b78db-2535-25d5-a79c-f77bdd57dcb1, CREATIVE, 1, null, slim
!C-p, e2255300-bafe-2224-a485-0b1f775caf9e, CREATIVE, 1, null, slim
!C-k, 1d2f0cda-2b8e-2689-b1c8-d23667143eb0, CREATIVE, 1, null, slim
Maloll, 667f14aa-a44a-4cf9-8618-a46de808fab0, CREATIVE, 1, a63920271, default
!B-f, 5232272d-0961-2882-bfea-3357d0dacd30, CREATIVE, 1, null, default
!D-e, f86561bc-daa3-2418-8b65-69fb871b6e55, CREATIVE, 1, null, slim
!D-s, 8fcb4b3c-f6aa-2b02-96ef-62ade0c6c16e, CREATIVE, 1, null, default
!C-b, f13ad71b-bbb1-2bc3-8f0e-dd6c03dad05d, CREATIVE, 1, null, default
!D-a, 494fdf6b-8232-2473-8ae7-28d84d0672eb, CREATIVE, 1, null, default
!D-c, eb26e2d7-e0df-21a7-afe4-d6f0b84f4b69, CREATIVE, 1, null, slim
!C-m, ce8e66d7-50f5-21c2-a5a8-4ba501c90817, CREATIVE, 1, null, default
Harold_King, 5cc490c1-725c-4b1a-a375-bf8184c6f7ce, CREATIVE, 1, a90820280, default
SaintLvnar, 99eda63f-7664-4453-8439-58cb530c69d4, CREATIVE, 1, a90820274, slim
!D-r, f59ae7fa-b7a9-242b-821d-4c7a59d06a84, CREATIVE, 1, null, slim
dragons380, 55ffd341-f5b5-4a9b-8ce1-1a34b1cd075d, CREATIVE, 1, a65920276, slim
CarsCupcake, 8318fafd-5565-4a3e-91a1-296df2995b32, SURVIVAL, 1, a63920278, slim
!A-p, 76110e81-07f2-2a1b-9158-692eb1b9556a, CREATIVE, 1, null, slim
!B-o, 39640824-df22-2975-8c4e-9af03423ad6b, CREATIVE, 1, null, default
BlindKa, cf08aae2-50d5-4d25-9c59-fd008898943e, CREATIVE, 1, a60920263, slim
!B-d, 431e2751-9f84-2931-834b-cf8bf5a3087c, CREATIVE, 1, null, default
!D-k, 89a026f0-95bb-229b-b069-5480ece6c599, CREATIVE, 1, null, default
77xa, a67511d8-f0ba-4350-927a-786b160b1cba, CREATIVE, 1, a81820265, slim
TomTom456, 59963cfd-2435-4519-ac8e-92688b551413, CREATIVE, 1, a66920266, default
!C-g, 501d67db-eb2b-2b4a-8545-360c68bf34b6, CREATIVE, 1, null, default
!A-b, eb26de41-4549-21a2-8454-605107084169, CREATIVE, 1, null, default
!B-n, 27030ccd-871a-24d6-9136-04f432a0a888, CREATIVE, 1, null, default
!C-e, e38cb2dd-a757-229c-9927-d2197ba076ec, CREATIVE, 1, null, slim
!C-r, 3200cddc-53ee-2a93-83f2-6d52e17cef95, CREATIVE, 1, null, slim
TTVHenryDanger, 10708fc5-2c53-46a8-84c4-342f192ab266, CREATIVE, 1, a80820269, default
!C-o, 086d46ca-6262-292f-b23e-6a7268706d27, CREATIVE, 1, null, slim
!A-q, 2a8e42c4-503e-2c5a-852b-d6cd3e75e848, CREATIVE, 1, null, default
!D-o, bbbfacde-69ca-2bb4-90ae-711183405316, CREATIVE, 1, null, default
!B-h, e3ed1476-f850-2a57-87a1-001bccc77019, CREATIVE, 1, null, slim
!C-t, 02c93547-d040-20c5-9bda-14ef586b97ae, CREATIVE, 1, null, slim
!B-b, 2693a6f1-dd33-2220-9121-9beae6759933, CREATIVE, 1, null, default
