Name, ID, Game Mode, Latency, Scoreboard Team, Model Type, Session ID, Public Key
!A-t, 21e13378-9a72-2c05-8ad9-58ef0f36156e, CREATIVE, 1, null, WIDE
!B-n, b6ec65e4-4ce1-22ff-9c21-cc4acb394a44, CREATIVE, 1, null, WIDE
!A-i, 34df4781-fe2a-28dc-9322-1b5d4730e5e5, CREATIVE, 1, null, WIDE
!B-c, 16f68ff2-2cc3-2553-ac24-1760faf18fa3, CREATIVE, 1, null, WIDE
!D-s, ee067325-00ba-2197-a961-0fd4fd8edbb1, CREATIVE, 1, null, WIDE
Cherry_Log, 247ba351-c809-4442-b7a3-8dead0a3518e, CREATIVE, 1, a679245, WIDE
!D-e, ccb5db2b-cd51-2d95-ae90-e71e8df621a4, CREATIVE, 1, null, SLIM
!D-r, 812a87b8-a4d8-270b-91ca-f6b48322da1a, CREATIVE, 1, null, SLIM
Fr1zyk, f3a35b72-ad3e-46e9-a454-6837ecf4d41b, CREATIVE, 1, a908247, WIDE
!D-n, f255f22a-32ec-298d-8fe3-d15ec65b1e72, CREATIVE, 1, null, WIDE
!D-a, d9908329-223d-2288-a9f7-a2d0be7a4c5f, CREATIVE, 1, null, SLIM
!D-c, 456f0ae1-a1d2-2175-a14e-01a7e48c2adc, CREATIVE, 1, null, SLIM
KasalaHere, aba5ea2e-3612-44bc-90a0-0d5b0c0b7644, CREATIVE, 1, a908248, WIDE
!C-j, fec6388a-e849-2f7b-9b59-405cf13dfdd2, CREATIVE, 1, null, WIDE
!B-t, 92ea69d5-0e5a-2df8-b26a-954f09eae944, CREATIVE, 1, null, WIDE
!A-p, e46724ef-2434-2737-9232-7fa9b2c53fcf, CREATIVE, 1, null, SLIM
!D-p, b6ccfcd5-7e50-2724-8587-9d785c4b1d43, CREATIVE, 1, null, SLIM
!C-m, 44859c75-32d1-27ee-b2f2-e1f15daa3df8, CREATIVE, 1, null, SLIM
!B-h, d56d0bcf-ad51-21c9-bdee-5e242d0fc2dd, CREATIVE, 1, null, WIDE
!A-b, 72b6eef6-23c3-2e3d-ae8e-83ac73d1d16b, CREATIVE, 1, null, SLIM
!C-n, 3e3635bb-bb26-2710-a551-e8cd95861506, CREATIVE, 1, null, WIDE
!A-a, 404e062d-5288-27b3-81b9-936588b89794, CREATIVE, 1, null, SLIM
!C-a, 6b804538-ab9d-2410-8386-2a1e1918b79c, CREATIVE, 1, null, WIDE
!C-r, 44706c7a-acb8-2edb-a0d2-62f3bb61e180, CREATIVE, 1, null, WIDE
!D-o, defd9343-927a-26b7-bb8f-1866189060a6, CREATIVE, 1, null, SLIM
!B-o, 8b0ee82b-5946-23b6-8050-58bd69d9a54c, CREATIVE, 1, null, SLIM
!C-f, fc186b5d-7239-2f42-855e-6dad5f2f51cf, CREATIVE, 1, null, SLIM
!A-r, 002ed3fb-65ad-2b9a-bf82-17d03b4143df, CREATIVE, 1, null, SLIM
!D-t, e3a4fda8-b902-20d4-96de-b4949cb3180d, CREATIVE, 1, null, WIDE
!B-s, a410f68b-75f1-269e-926e-6304cdd4067b, CREATIVE, 1, null, WIDE
!A-d, f1c4bd21-b27f-240b-a616-fb6bcb742faf, CREATIVE, 1, null, WIDE
!B-m, fe70a5d9-f634-2be6-84a3-97cae7a6020c, CREATIVE, 1, null, SLIM
!D-q, 05119f7c-f6dc-2739-9335-d3f844fbe084, CREATIVE, 1, null, WIDE
!B-q, 71cc3175-1177-24bd-9547-7416936175f8, CREATIVE, 1, null, WIDE
Vrataa_, 2308d225-b97d-41e1-96fc-dcd70bdf4678, CREATIVE, 1, a609252, SLIM
heated_toilet, f091d6aa-a9e7-4c99-8190-ec09580338e2, CREATIVE, 1, a828253, SLIM
!A-e, e828f91d-494f-24f1-b577-37c19efaec7a, CREATIVE, 1, null, WIDE
!A-s, 9fbd7bcf-0790-2562-8e29-9b4dac15c7cc, CREATIVE, 1, null, SLIM
!B-f, 82f56b78-b1e4-2c6e-93da-ee1b90a483dc, CREATIVE, 1, null, SLIM
!C-k, 11bea2a5-0dd5-2121-bc37-8ddaba56c06a, CREATIVE, 1, null, SLIM
QuickTarget, 637e1b77-9cf5-4f3d-8e2b-76c4d4d3a93d, CREATIVE, 1, a828244, WIDE
!A-k, 8defa9a2-2e64-2177-86eb-9cd9233b4716, CREATIVE, 1, null, SLIM
!C-o, efac31bc-d864-2d6a-853b-e283dd9431f3, CREATIVE, 1, null, SLIM
!B-l, 13a9daa6-6346-2091-a804-68a0ee6d9653, CREATIVE, 1, null, WIDE
!C-s, 4f0d55d8-226c-2aec-af64-97890df1248b, CREATIVE, 1, null, SLIM
!D-m, b8c8abfc-0fd9-26e6-a1d3-f6a013637259, CREATIVE, 1, null, WIDE
!C-l, 16ccdf73-5cea-27ee-8601-3041d97f4640, CREATIVE, 1, null, SLIM
!C-b, a35002fd-bcc4-2751-abae-40e90d392d83, CREATIVE, 1, null, SLIM
!D-d, 9ff6176c-362e-2709-80e3-65b691256888, CREATIVE, 1, null, SLIM
!A-q, 96920149-7257-2d87-b475-b08bfb561164, CREATIVE, 1, null, SLIM
!B-a, d93f1c07-eab5-2e1f-a14d-eb4ca6d08a84, CREATIVE, 1, null, SLIM
!A-l, ec5bd261-7488-2cd8-a5a7-424646545b15, CREATIVE, 1, null, SLIM
!D-f, f32fb44f-3368-205e-abfa-aa25cfc1cd85, CREATIVE, 1, null, WIDE
!D-k, 61e4e3f8-3c1d-290b-a3f1-9200d47b484d, CREATIVE, 1, null, WIDE
!A-f, e49887ac-04ee-2768-958b-033a06625e33, CREATIVE, 1, null, WIDE
!B-g, 08f3d2e0-c396-25e3-922b-7e5e371dce5b, CREATIVE, 1, null, SLIM
!C-i, 6c0e6c60-9c58-2a3e-a325-2f4c7e928c26, CREATIVE, 1, null, WIDE
!D-l, 67357850-8400-2a84-b03b-d16fbb4f652f, CREATIVE, 1, null, WIDE
!A-m, a27c90a9-2890-2b02-95db-4b5b58ed8dfd, CREATIVE, 1, null, WIDE
CarsCupcake, 8318fafd-5565-4a3e-91a1-296df2995b32, SURVIVAL, 1, a639250, SLIM
MajorityLake365, 50aa74ef-6f99-42f3-a7d7-c4e8209af350, CREATIVE, 1, a818251, WIDE
!D-b, b0015b4f-6b7c-2c57-8905-c6ded1265d42, CREATIVE, 1, null, WIDE
seusa, c8f3c771-50a2-425b-91d2-4f1836e0e70f, CREATIVE, 1, a908254, WIDE
!A-g, 1caccbd9-b751-2912-83cf-9da3ef42ee46, CREATIVE, 1, null, WIDE
!D-j, fecd0985-2d4b-22b5-a78a-431fbb76640b, CREATIVE, 1, null, WIDE
!A-o, 5d8e534a-7ca0-225a-8125-f35dec4f5d56, CREATIVE, 1, null, WIDE
!C-p, 9cbc6e92-3e72-2de9-917c-ab859f2f16bc, CREATIVE, 1, null, SLIM
!C-q, 9e20445b-b30d-2c8c-a0c5-b35d2b925610, CREATIVE, 1, null, SLIM
!A-n, 2f5c15fb-18a9-232a-afeb-3e3a950d161a, CREATIVE, 1, null, SLIM
!B-r, 8fe62ed7-b86f-2a2d-86aa-5a5e4a457f21, CREATIVE, 1, null, WIDE
Mafoot, 8663fc18-d7dd-410b-b734-eeca0cc2a2f4, CREATIVE, 1, a639246, WIDE
!C-d, 4b7d1f0e-d2a7-2ef1-93d9-bee2c6a0a058, CREATIVE, 1, null, SLIM
!B-b, a0d1ef19-5fe9-2344-9bc9-8c496888460a, CREATIVE, 1, null, SLIM
!B-k, e51dbe05-55f1-2cde-8d63-4d34a6ae5129, CREATIVE, 1, null, WIDE
!D-h, 5a36c62e-4061-2229-80b2-3423fb42bb6f, CREATIVE, 1, null, SLIM
!C-g, da7df411-a94d-220b-805d-f8a80ba5a00a, CREATIVE, 1, null, SLIM
!C-t, 8aef3a26-e372-22cb-84b1-3b953c97a533, CREATIVE, 1, null, SLIM
!B-i, 8a0c1353-8074-272c-b2be-3f412be58fec, CREATIVE, 1, null, WIDE
!A-c, 5ea35bc2-6cf2-2c70-9b09-ab5690e441aa, CREATIVE, 1, null, SLIM
!A-j, b154504c-291e-2bab-b149-bb16a4a2f625, CREATIVE, 1, null, SLIM
!B-p, 8d81eb27-b337-2b3b-a3b1-3c7bfe90ca05, CREATIVE, 1, null, WIDE
!D-i, 6dce2c79-e19e-21d2-bdbf-5527223289a7, CREATIVE, 1, null, WIDE
!A-h, c306ee3c-a3fb-248b-9e1e-f128dce1b165, CREATIVE, 1, null, SLIM
!B-j, 2fbce171-d034-272a-b68c-10bf6be7517f, CREATIVE, 1, null, SLIM
!C-c, 59cb77cc-4fd7-2e9a-a602-a5ac113e56a0, CREATIVE, 1, null, SLIM
!B-d, cc9c4329-0843-27e6-b128-e8e12895dfb7, CREATIVE, 1, null, WIDE
!C-h, 2b80db8e-2313-28b5-8264-e9f286aca2e9, CREATIVE, 1, null, SLIM
!B-e, 03036430-a363-2aa3-93eb-01211f836644, CREATIVE, 1, null, SLIM
!C-e, 2444daec-3562-2c45-85b6-3c1170a06877, CREATIVE, 1, null, WIDE
!D-g, 54d04264-b6fb-2b29-be8f-863352135fb6, CREATIVE, 1, null, WIDE
